id,name,email,mobile,aadhar_no,license_no,vehicle_no,online,city,latitude,longitude
1,Ananya Nair,ananya.nair1@example.com,9842097023,643348170580,DL316482325,TN53-7407,True,Chennai,13.197919,80.051655
2,Vijay Reddy,vijay.reddy2@gmail.com,9841632346,299493874302,DL672073239,TN52-5044,False,Chennai,13.182061,80.351696
3,Senthil Reddy,senthil.reddy3@mail.com,9840147546,632967629160,DL403649663,TN36-9810,False,Chennai,13.133331,80.026698
4,Deepa Reddy,deepa.reddy4@testmail.com,9790815118,672438070176,DL537699844,TN25-7499,True,Chennai,13.002147,80.045873
5,Vikram Subramanian,vikram.subramanian5@gmail.com,9003771183,274220912418,DL603826178,TN10-1183,False,Chennai,13.030699,80.143235
6,Deepa Kumar,deepa.kumar6@gmail.com,9843708164,090063353310,DL631468825,TN2-6523,True,Chennai,13.135992,80.025269
7,Ananya Sharma,ananya.sharma7@mail.com,9842068155,938661331552,DL117746781,TN84-6181,True,Chennai,13.077837,80.18351
8,Priya Rao,priya.rao8@gmail.com,9444013649,189241956252,DL916334600,TN86-8899,True,Chennai,13.067021,80.243413
9,Sruthi Reddy,sruthi.reddy9@example.com,9790838903,914363910257,DL474389195,TN20-7156,True,Chennai,13.128408,80.095226
10,Bhavani Reddy,bhavani.reddy10@testmail.com,9444245086,035533803396,DL766396173,TN24-8247,True,Chennai,13.012923,80.196657
11,Deepa Kumar,deepa.kumar11@mail.com,9842321298,381674233629,DL416085186,TN37-8344,True,Chennai,13.054372,80.312516
12,Priya Subramanian,priya.subramanian12@gmail.com,9790627768,270661498282,DL427382895,TN60-6011,False,Chennai,13.056645,80.224857
13,Meena Iyer,meena.iyer13@example.com,9444273230,857666567491,DL621651407,TN16-7304,True,Chennai,13.038846,80.174519
14,Lakshmi Subramanian,lakshmi.subramanian14@gmail.com,9003506633,050249724399,DL943708302,TN2-2912,True,Chennai,13.128879,80.366753
15,Kavya Das,kavya.das15@testmail.com,9841836264,886946119524,DL367676832,TN90-6047,True,Chennai,13.197405,80.326556
16,Arjun Iyer,arjun.iyer16@mail.com,9841686462,522372817932,DL351989554,TN96-3993,True,Chennai,13.05187,80.360909
17,Vijay Reddy,vijay.reddy17@testmail.com,9841214161,150937710040,DL951702283,TN13-4458,True,Chennai,13.075133,80.20803
18,Lakshmi Reddy,lakshmi.reddy18@testmail.com,9003596555,356690551076,DL271430846,TN78-3013,False,Chennai,13.190212,80.300576
19,Ramesh Subramanian,ramesh.subramanian19@testmail.com,9003978630,050573976915,DL648988000,TN85-2645,False,Chennai,13.058773,80.078031
20,Vikram Nair,vikram.nair20@mail.com,9840271487,717833321160,DL306477774,TN50-5593,True,Chennai,13.143835,80.266373
21,Ananya Sharma,ananya.sharma21@testmail.com,9003153991,668633414111,DL534156740,TN96-2902,False,Chennai,13.025483,80.125349
22,Kavya Das,kavya.das22@gmail.com,9840409836,552899316087,DL503427676,TN38-4586,False,Chennai,13.135996,80.05897
23,Naveen Sharma,naveen.sharma23@gmail.com,9840954814,374605233027,DL606018095,TN85-3608,True,Chennai,13.109589,80.134964
24,Meena Subramanian,meena.subramanian24@gmail.com,9790618443,125904729277,DL473429724,TN27-4573,True,Chennai,13.147064,80.003653
25,Sruthi Iyer,sruthi.iyer25@gmail.com,9842662015,201859626301,DL407654595,TN63-5959,True,Chennai,13.130559,80.150149
26,Priya Reddy,priya.reddy26@example.com,9790475011,178309997419,DL337441777,TN62-8105,False,Chennai,13.114285,80.039777
27,Priya Nair,priya.nair27@gmail.com,9842606888,189813129208,DL676273013,TN16-1641,True,Chennai,13.115016,80.261056
28,Priya Nair,priya.nair28@mail.com,9844011845,603408487297,DL986250195,TN67-6769,True,Chennai,13.137586,80.265047
29,Karthik Natarajan,karthik.natarajan29@mail.com,9840324329,954296184462,DL618651547,TN11-5164,False,Chennai,13.18804,80.057298
30,Deepa Iyer,deepa.iyer30@gmail.com,9844359892,256609314181,DL977824657,TN9-6396,True,Chennai,13.072564,80.133407
31,Lakshmi Sharma,lakshmi.sharma31@example.com,9843401636,128497185948,DL442662054,TN7-3797,False,Chennai,13.189302,80.155825
32,Mani Nair,mani.nair32@mail.com,9790792408,226940539672,DL666939158,TN60-9228,False,Chennai,13.055165,80.171106
33,Ramesh Rao,ramesh.rao33@mail.com,9841465111,129014870682,DL719351785,TN66-9722,True,Chennai,13.081094,80.246515
34,Arjun Krishnan,arjun.krishnan34@mail.com,9444389097,832152850676,DL317262661,TN15-6537,True,Chennai,13.166345,80.340311
35,Ananya Rao,ananya.rao35@gmail.com,9844744309,348079705097,DL526005493,TN46-2755,True,Chennai,13.069944,80.288973
36,Kavya Subramanian,kavya.subramanian36@mail.com,9840167318,617024376545,DL644056507,TN69-5415,True,Chennai,13.197874,80.262512
37,Senthil Sharma,senthil.sharma37@mail.com,9842560531,402665023741,DL639205196,TN71-9119,True,Chennai,13.064978,80.305757
38,Kavya Nair,kavya.nair38@testmail.com,9790211022,803056906744,DL722386047,TN98-8027,True,Chennai,13.123523,80.291699
39,Suresh Natarajan,suresh.natarajan39@example.com,9844143637,892392312604,DL343452982,TN55-1289,True,Chennai,13.018187,80.020382
40,Vijay Nair,vijay.nair40@gmail.com,9844335670,041454563502,DL151008991,TN7-6269,True,Chennai,13.057063,80.112064
41,Bhavani Iyer,bhavani.iyer41@example.com,9790247554,108255598953,DL935629621,TN27-7292,True,Chennai,13.177439,80.052194
42,Bhavani Iyer,bhavani.iyer42@testmail.com,9840933711,473820236848,DL547140662,TN58-2923,False,Chennai,13.013542,80.167602
43,Raja Kumar,raja.kumar43@example.com,9842942409,367881278686,DL615554916,TN27-4015,True,Chennai,13.032001,80.087123
44,Arjun Nair,arjun.nair44@testmail.com,9003884434,812308340242,DL441864361,TN83-5079,True,Chennai,13.106919,80.00056
45,Mani Das,mani.das45@testmail.com,9444518426,500534240891,DL987408577,TN84-5216,True,Chennai,13.163369,80.088256
46,Lakshmi Natarajan,lakshmi.natarajan46@gmail.com,9790273652,172722397240,DL493733321,TN23-7458,True,Chennai,13.013891,80.028819
47,Ramesh Reddy,ramesh.reddy47@gmail.com,9790182091,601002314290,DL112784071,TN70-6544,True,Chennai,13.040464,80.19217
48,Sruthi Reddy,sruthi.reddy48@testmail.com,9842457230,810018418620,DL381402667,TN30-7998,False,Chennai,13.029475,80.262146
49,Ramesh Krishnan,ramesh.krishnan49@testmail.com,9841721314,195151092268,DL524042807,TN87-7967,True,Chennai,13.178624,80.274864
50,Bhavani Rao,bhavani.rao50@example.com,9444147541,225267711964,DL282517449,TN42-3089,True,Chennai,13.153507,80.141044
