id,name,email,mobile,address,city,latitude,longitude,created_at
1,Ananya Kumar,ananya.kumar1@gmail.com,9844332181,"18 Anna Salai, East Chennai",Chennai,13.043728,80.202142,2025-12-07T13:02:18.090773
2,Arjun Nair,arjun.nair2@example.com,9843863794,"204 Adyar, South Chennai",Chennai,13.06805,80.062192,2025-12-07T13:02:18.090872
3,Divya Iyer,divya.iyer3@example.com,9841615594,"196 Thiruvanmiyur, East Chennai",Chennai,13.194623,80.151414,2025-12-07T13:02:18.090894
4,Ajith Rao,ajith.rao4@example.com,9444931034,"228 Velachery, East Chennai",Chennai,13.076025,80.181364,2025-12-07T13:02:18.090915
5,Mani Sharma,mani.sharma5@mail.com,9444534192,"51 Thiruvanmiyur, South Chennai",Chennai,13.05399,80.370156,2025-12-07T13:02:18.090933
6,Ajith Natarajan,ajith.natarajan6@example.com,9444030564,"64 Nungambakkam, North Chennai",Chennai,13.042525,80.199693,2025-12-07T13:02:18.090948
7,Senthil Sharma,senthil.sharma7@gmail.com,9844238849,"239 Nungambakkam, South Chennai",Chennai,13.072399,80.39893,2025-12-07T13:02:18.090962
8,Vikram Nair,vikram.nair8@example.com,9003101226,"108 Mylapore, South Chennai",Chennai,13.105823,80.388431,2025-12-07T13:02:18.090976
9,Arjun Iyer,arjun.iyer9@example.com,9844514627,"194 Purasaiwakkam, North Chennai",Chennai,13.194378,80.304785,2025-12-07T13:02:18.090991
10,Raja Iyer,raja.iyer10@example.com,9844893252,"163 Guindy, South Chennai",Chennai,13.003895,80.371639,2025-12-07T13:02:18.091007
11,Naveen Natarajan,naveen.natarajan11@mail.com,9840391171,"42 Ambattur, South Chennai",Chennai,13.18937,80.066051,2025-12-07T13:02:18.091022
12,Raja Das,raja.das12@gmail.com,9790383465,"240 Greams Road, South Chennai",Chennai,13.024201,80.089879,2025-12-07T13:02:18.091035
13,Divya Kumar,divya.kumar13@example.com,9843930103,"241 Anna Salai, North Chennai",Chennai,13.014171,80.095202,2025-12-07T13:02:18.091047
14,Meena Natarajan,meena.natarajan14@mail.com,9842997376,"34 T. Nagar, South Chennai",Chennai,13.07086,80.164441,2025-12-07T13:02:18.091061
15,Karthik Iyer,karthik.iyer15@gmail.com,9840651333,"45 Mylapore, West Chennai",Chennai,13.055709,80.099923,2025-12-07T13:02:18.091076
16,Priya Reddy,priya.reddy16@gmail.com,9841080132,"134 Thiruvanmiyur, West Chennai",Chennai,13.17293,80.360977,2025-12-07T13:02:18.091088
17,Suresh Krishnan,suresh.krishnan17@gmail.com,9840647468,"49 Velachery, North Chennai",Chennai,13.04354,80.023393,2025-12-07T13:02:18.091101
18,Ajith Kumar,ajith.kumar18@mail.com,9444009788,"24 Greams Road, East Chennai",Chennai,13.170269,80.027409,2025-12-07T13:02:18.091114
19,Priya Natarajan,priya.natarajan19@example.com,9790193990,"117 Ambattur, North Chennai",Chennai,13.186941,80.081704,2025-12-07T13:02:18.091127
20,Divya Natarajan,divya.natarajan20@example.com,9844624751,"127 Nungambakkam, East Chennai",Chennai,13.014652,80.085262,2025-12-07T13:02:18.091140
21,Lakshmi Sharma,lakshmi.sharma21@testmail.com,9444135427,"166 Ambattur, East Chennai",Chennai,13.133573,80.221841,2025-12-07T13:02:18.091154
22,Ananya Sharma,ananya.sharma22@mail.com,9844118244,"193 Guindy, West Chennai",Chennai,13.137499,80.341165,2025-12-07T13:02:18.091169
23,Raja Reddy,raja.reddy23@testmail.com,9844016400,"207 Adyar, North Chennai",Chennai,13.032316,80.176734,2025-12-07T13:02:18.091185
24,Vijay Nair,vijay.nair24@mail.com,9840112805,"120 Adyar, East Chennai",Chennai,13.061652,80.359593,2025-12-07T13:02:18.091198
25,Karthik Subramanian,karthik.subramanian25@mail.com,9843315869,"246 Velachery, West Chennai",Chennai,13.195241,80.324309,2025-12-07T13:02:18.091213
26,Vijay Kumar,vijay.kumar26@gmail.com,9842563421,"233 Anna Salai, South Chennai",Chennai,13.044487,80.326635,2025-12-07T13:02:18.091228
27,Senthil Subramanian,senthil.subramanian27@testmail.com,9844330365,"231 T. Nagar, North Chennai",Chennai,13.070229,80.203762,2025-12-07T13:02:18.091240
28,Ajith Subramanian,ajith.subramanian28@example.com,9840142940,"162 Mylapore, North Chennai",Chennai,13.145709,80.125471,2025-12-07T13:02:18.091252
29,Bhavani Nair,bhavani.nair29@example.com,9841693406,"143 Greams Road, West Chennai",Chennai,13.072844,80.02799,2025-12-07T13:02:18.091266
30,Divya Das,divya.das30@gmail.com,9444148465,"188 Old Mahabalipuram Road, West Chennai",Chennai,13.038368,80.265972,2025-12-07T13:02:18.091279
31,Kavya Sharma,kavya.sharma31@gmail.com,9844680443,"211 Nungambakkam, North Chennai",Chennai,13.092998,80.176864,2025-12-07T13:02:18.091291
32,Deepa Nair,deepa.nair32@example.com,9003214895,"219 Velachery, North Chennai",Chennai,13.044928,80.079652,2025-12-07T13:02:18.091304
33,Arjun Kumar,arjun.kumar33@mail.com,9843791769,"193 Purasaiwakkam, South Chennai",Chennai,13.098875,80.097594,2025-12-07T13:02:18.091316
34,Arjun Iyer,arjun.iyer34@mail.com,9790328708,"244 T. Nagar, South Chennai",Chennai,13.026668,80.185857,2025-12-07T13:02:18.091329
35,Raja Nair,raja.nair35@mail.com,9444798687,"200 Thiruvanmiyur, South Chennai",Chennai,13.051838,80.098896,2025-12-07T13:02:18.091341
36,Lakshmi Nair,lakshmi.nair36@testmail.com,9003347143,"95 Guindy, East Chennai",Chennai,13.027675,80.092505,2025-12-07T13:02:18.091354
37,Vikram Natarajan,vikram.natarajan37@example.com,9841665876,"62 Mylapore, South Chennai",Chennai,13.180968,80.233632,2025-12-07T13:02:18.091366
38,Arjun Das,arjun.das38@mail.com,9790705466,"134 Velachery, North Chennai",Chennai,13.087167,80.01161,2025-12-07T13:02:18.091380
39,Divya Krishnan,divya.krishnan39@example.com,9842729806,"31 Ambattur, South Chennai",Chennai,13.02714,80.184679,2025-12-07T13:02:18.092095
40,Karthik Rao,karthik.rao40@testmail.com,9790537556,"202 Mylapore, North Chennai",Chennai,13.166982,80.188123,2025-12-07T13:02:18.092120
41,Ajith Kumar,ajith.kumar41@example.com,9444310033,"169 Adyar, West Chennai",Chennai,13.025244,80.267784,2025-12-07T13:02:18.092135
42,Sruthi Natarajan,sruthi.natarajan42@mail.com,9003452991,"89 T. Nagar, East Chennai",Chennai,13.185777,80.230319,2025-12-07T13:02:18.092149
43,Kavya Krishnan,kavya.krishnan43@example.com,9843193149,"213 Nungambakkam, East Chennai",Chennai,13.069441,80.171351,2025-12-07T13:02:18.092167
44,Mani Iyer,mani.iyer44@gmail.com,9444067165,"191 Adyar, South Chennai",Chennai,13.035227,80.208699,2025-12-07T13:02:18.092181
45,Lakshmi Das,lakshmi.das45@example.com,9003769453,"81 Thiruvanmiyur, West Chennai",Chennai,13.150095,80.22794,2025-12-07T13:02:18.092194
46,Kavya Subramanian,kavya.subramanian46@testmail.com,9840752735,"97 Old Mahabalipuram Road, North Chennai",Chennai,13.111158,80.206651,2025-12-07T13:02:18.092207
47,Deepa Iyer,deepa.iyer47@gmail.com,9843678377,"212 Anna Salai, East Chennai",Chennai,13.058847,80.16176,2025-12-07T13:02:18.092220
48,Ramesh Rao,ramesh.rao48@testmail.com,9444788568,"100 Purasaiwakkam, South Chennai",Chennai,13.054183,80.100561,2025-12-07T13:02:18.092235
49,Ananya Natarajan,ananya.natarajan49@testmail.com,9444182337,"195 Nungambakkam, North Chennai",Chennai,13.196102,80.333051,2025-12-07T13:02:18.092251
50,Naveen Natarajan,naveen.natarajan50@example.com,9444240824,"23 Greams Road, North Chennai",Chennai,13.139483,80.050512,2025-12-07T13:02:18.092264
51,Meena Iyer,meena.iyer51@mail.com,9840947775,"23 Old Mahabalipuram Road, South Chennai",Chennai,13.022817,80.026137,2025-12-07T13:02:18.092280
52,Meena Iyer,meena.iyer52@example.com,9840229413,"152 Mylapore, West Chennai",Chennai,13.155139,80.152151,2025-12-07T13:02:18.092295
53,Senthil Rao,senthil.rao53@mail.com,9790499091,"170 Velachery, North Chennai",Chennai,13.132086,80.062823,2025-12-07T13:02:18.092309
54,Suresh Nair,suresh.nair54@testmail.com,9841206797,"18 Velachery, North Chennai",Chennai,13.141391,80.281195,2025-12-07T13:02:18.092322
55,Senthil Iyer,senthil.iyer55@mail.com,9843493618,"175 Adyar, North Chennai",Chennai,13.165326,80.028564,2025-12-07T13:02:18.092337
56,Suresh Rao,suresh.rao56@gmail.com,9844717464,"122 T. Nagar, East Chennai",Chennai,13.177885,80.293814,2025-12-07T13:02:18.092352
57,Bhavani Rao,bhavani.rao57@example.com,9840139904,"205 Adyar, South Chennai",Chennai,13.103793,80.176892,2025-12-07T13:02:18.092365
58,Lakshmi Sharma,lakshmi.sharma58@testmail.com,9790717565,"181 T. Nagar, West Chennai",Chennai,13.065961,80.277469,2025-12-07T13:02:18.092379
59,Naveen Krishnan,naveen.krishnan59@gmail.com,9840715451,"231 Greams Road, East Chennai",Chennai,13.131532,80.217037,2025-12-07T13:02:18.092393
60,Vijay Kumar,vijay.kumar60@mail.com,9843859770,"78 Greams Road, West Chennai",Chennai,13.185535,80.175246,2025-12-07T13:02:18.092407
61,Meena Iyer,meena.iyer61@gmail.com,9840932480,"33 Velachery, East Chennai",Chennai,13.09229,80.046986,2025-12-07T13:02:18.092423
62,Vikram Reddy,vikram.reddy62@gmail.com,9844846773,"151 Adyar, South Chennai",Chennai,13.038122,80.239751,2025-12-07T13:02:18.092439
63,Vikram Iyer,vikram.iyer63@testmail.com,9844658404,"224 Nungambakkam, South Chennai",Chennai,13.173052,80.178619,2025-12-07T13:02:18.092451
64,Meena Subramanian,meena.subramanian64@mail.com,9444886753,"156 Mylapore, West Chennai",Chennai,13.171203,80.16431,2025-12-07T13:02:18.092463
65,Divya Reddy,divya.reddy65@testmail.com,9790627028,"232 T. Nagar, South Chennai",Chennai,13.019942,80.364177,2025-12-07T13:02:18.092478
66,Arjun Sharma,arjun.sharma66@gmail.com,9790217459,"176 T. Nagar, North Chennai",Chennai,13.170468,80.343737,2025-12-07T13:02:18.092494
67,Kavya Subramanian,kavya.subramanian67@mail.com,9003809134,"201 T. Nagar, South Chennai",Chennai,13.195668,80.304148,2025-12-07T13:02:18.092508
68,Ananya Reddy,ananya.reddy68@testmail.com,9842400504,"105 Mylapore, West Chennai",Chennai,13.048839,80.164821,2025-12-07T13:02:18.092521
69,Suresh Sharma,suresh.sharma69@mail.com,9842196937,"69 Thiruvanmiyur, North Chennai",Chennai,13.091914,80.266736,2025-12-07T13:02:18.092534
70,Senthil Rao,senthil.rao70@testmail.com,9842175946,"126 Old Mahabalipuram Road, West Chennai",Chennai,13.199875,80.341334,2025-12-07T13:02:18.092547
71,Ananya Natarajan,ananya.natarajan71@gmail.com,9790959440,"80 Anna Salai, East Chennai",Chennai,13.182123,80.298069,2025-12-07T13:02:18.092560
72,Naveen Natarajan,naveen.natarajan72@example.com,9444339421,"89 Thiruvanmiyur, East Chennai",Chennai,13.115915,80.292944,2025-12-07T13:02:18.092575
73,Priya Rao,priya.rao73@testmail.com,9444623285,"222 Adyar, North Chennai",Chennai,13.18281,80.377675,2025-12-07T13:02:18.092589
74,Naveen Subramanian,naveen.subramanian74@testmail.com,9841712368,"33 Mylapore, East Chennai",Chennai,13.052892,80.049435,2025-12-07T13:02:18.092603
75,Mani Rao,mani.rao75@testmail.com,9790513709,"244 Nungambakkam, West Chennai",Chennai,13.12953,80.254162,2025-12-07T13:02:18.092617
76,Senthil Rao,senthil.rao76@example.com,9790120047,"34 Velachery, West Chennai",Chennai,13.077729,80.148405,2025-12-07T13:02:18.092629
77,Ajith Krishnan,ajith.krishnan77@example.com,9842617964,"186 Guindy, West Chennai",Chennai,13.088677,80.380222,2025-12-07T13:02:18.092642
78,Mani Iyer,mani.iyer78@example.com,9444850643,"227 Thiruvanmiyur, East Chennai",Chennai,13.132554,80.256682,2025-12-07T13:02:18.092658
79,Bhavani Kumar,bhavani.kumar79@mail.com,9840532931,"160 Velachery, West Chennai",Chennai,13.065712,80.059022,2025-12-07T13:02:18.092672
80,Bhavani Kumar,bhavani.kumar80@example.com,9844228421,"43 Anna Salai, North Chennai",Chennai,13.157997,80.095173,2025-12-07T13:02:18.092685
81,Divya Kumar,divya.kumar81@example.com,9842402681,"131 Thiruvanmiyur, North Chennai",Chennai,13.102648,80.043622,2025-12-07T13:02:18.092698
82,Raja Natarajan,raja.natarajan82@gmail.com,9840847007,"119 Ambattur, East Chennai",Chennai,13.098054,80.36388,2025-12-07T13:02:18.092716
83,Priya Iyer,priya.iyer83@testmail.com,9444921249,"107 Nungambakkam, North Chennai",Chennai,13.090743,80.242171,2025-12-07T13:02:18.092728
84,Ananya Iyer,ananya.iyer84@gmail.com,9843673657,"116 Purasaiwakkam, East Chennai",Chennai,13.06251,80.125009,2025-12-07T13:02:18.092741
85,Lakshmi Subramanian,lakshmi.subramanian85@example.com,9842711116,"200 Purasaiwakkam, North Chennai",Chennai,13.162354,80.222548,2025-12-07T13:02:18.092753
86,Sruthi Nair,sruthi.nair86@testmail.com,9444165604,"100 T. Nagar, West Chennai",Chennai,13.030946,80.192876,2025-12-07T13:02:18.092768
87,Ananya Subramanian,ananya.subramanian87@example.com,9444149368,"165 Ambattur, North Chennai",Chennai,13.005791,80.109308,2025-12-07T13:02:18.092784
88,Naveen Subramanian,naveen.subramanian88@mail.com,9444022961,"199 Ambattur, East Chennai",Chennai,13.018352,80.212193,2025-12-07T13:02:18.092797
89,Kavya Krishnan,kavya.krishnan89@example.com,9003525459,"236 Anna Salai, West Chennai",Chennai,13.031482,80.247135,2025-12-07T13:02:18.092810
90,Priya Rao,priya.rao90@mail.com,9003679764,"203 Greams Road, East Chennai",Chennai,13.069035,80.044356,2025-12-07T13:02:18.092822
91,Sruthi Reddy,sruthi.reddy91@mail.com,9844036900,"87 Velachery, West Chennai",Chennai,13.152832,80.115779,2025-12-07T13:02:18.092836
92,Ananya Kumar,ananya.kumar92@testmail.com,9003622683,"28 Mylapore, East Chennai",Chennai,13.087244,80.183902,2025-12-07T13:02:18.092850
93,Priya Subramanian,priya.subramanian93@example.com,9790966416,"93 Adyar, South Chennai",Chennai,13.166405,80.367908,2025-12-07T13:02:18.092870
94,Priya Krishnan,priya.krishnan94@gmail.com,9841369681,"232 Old Mahabalipuram Road, North Chennai",Chennai,13.044314,80.311647,2025-12-07T13:02:18.092883
95,Priya Nair,priya.nair95@mail.com,9841883552,"36 Adyar, North Chennai",Chennai,13.039454,80.24096,2025-12-07T13:02:18.092896
96,Priya Sharma,priya.sharma96@testmail.com,9003799799,"231 Ambattur, North Chennai",Chennai,13.030191,80.027315,2025-12-07T13:02:18.092910
97,Senthil Rao,senthil.rao97@gmail.com,9844905814,"125 Anna Salai, East Chennai",Chennai,13.073748,80.114831,2025-12-07T13:02:18.092922
98,Priya Das,priya.das98@mail.com,9790798079,"92 Nungambakkam, South Chennai",Chennai,13.100273,80.383089,2025-12-07T13:02:18.092937
99,Senthil Iyer,senthil.iyer99@gmail.com,9444182037,"144 Greams Road, West Chennai",Chennai,13.07278,80.367175,2025-12-07T13:02:18.092951
100,Kavya Krishnan,kavya.krishnan100@gmail.com,9444905151,"82 Old Mahabalipuram Road, West Chennai",Chennai,13.066672,80.233096,2025-12-07T13:02:18.092965
101,Vikram Subramanian,vikram.subramanian101@gmail.com,9844629148,"174 Guindy, West Chennai",Chennai,13.134023,80.331584,2025-12-07T13:02:18.092982
102,Raja Iyer,raja.iyer102@mail.com,9790850542,"97 Thiruvanmiyur, West Chennai",Chennai,13.045309,80.055026,2025-12-07T13:02:18.092994
103,Priya Rao,priya.rao103@mail.com,9841888059,"162 Mylapore, West Chennai",Chennai,13.032449,80.332538,2025-12-07T13:02:18.093008
104,Bhavani Sharma,bhavani.sharma104@testmail.com,9003065379,"202 Purasaiwakkam, South Chennai",Chennai,13.046801,80.095667,2025-12-07T13:02:18.093022
105,Meena Natarajan,meena.natarajan105@gmail.com,9444977468,"51 Velachery, West Chennai",Chennai,13.1746,80.020872,2025-12-07T13:02:18.093039
106,Meena Subramanian,meena.subramanian106@gmail.com,9841814124,"241 Greams Road, West Chennai",Chennai,13.166209,80.036685,2025-12-07T13:02:18.093052
107,Ramesh Reddy,ramesh.reddy107@mail.com,9444060685,"108 T. Nagar, North Chennai",Chennai,13.044908,80.127474,2025-12-07T13:02:18.093064
108,Ananya Subramanian,ananya.subramanian108@gmail.com,9842204727,"167 Anna Salai, East Chennai",Chennai,13.003801,80.086262,2025-12-07T13:02:18.093076
109,Vikram Nair,vikram.nair109@mail.com,9790143410,"117 Ambattur, South Chennai",Chennai,13.012561,80.334675,2025-12-07T13:02:18.093097
110,Meena Das,meena.das110@example.com,9840893246,"167 Guindy, West Chennai",Chennai,13.114133,80.074926,2025-12-07T13:02:18.093111
111,Priya Nair,priya.nair111@example.com,9444188888,"109 Thiruvanmiyur, East Chennai",Chennai,13.127134,80.392416,2025-12-07T13:02:18.093124
112,Lakshmi Kumar,lakshmi.kumar112@mail.com,9444153195,"21 Guindy, North Chennai",Chennai,13.162702,80.070036,2025-12-07T13:02:18.093136
113,Senthil Reddy,senthil.reddy113@example.com,9842217043,"212 Velachery, East Chennai",Chennai,13.063119,80.12403,2025-12-07T13:02:18.093150
114,Kavya Nair,kavya.nair114@testmail.com,9003403450,"79 T. Nagar, North Chennai",Chennai,13.08739,80.160009,2025-12-07T13:02:18.093163
115,Senthil Krishnan,senthil.krishnan115@example.com,9444277584,"196 Mylapore, East Chennai",Chennai,13.086121,80.398039,2025-12-07T13:02:18.093176
116,Suresh Nair,suresh.nair116@gmail.com,9844511544,"164 Purasaiwakkam, South Chennai",Chennai,13.033329,80.177563,2025-12-07T13:02:18.093188
117,Senthil Kumar,senthil.kumar117@testmail.com,9444964016,"141 Purasaiwakkam, West Chennai",Chennai,13.190558,80.057112,2025-12-07T13:02:18.093202
118,Bhavani Reddy,bhavani.reddy118@example.com,9840213556,"164 Adyar, South Chennai",Chennai,13.189765,80.148805,2025-12-07T13:02:18.093215
119,Priya Das,priya.das119@example.com,9842856543,"16 Purasaiwakkam, West Chennai",Chennai,13.099809,80.154795,2025-12-07T13:02:18.093227
120,Ajith Iyer,ajith.iyer120@mail.com,9844473947,"41 Adyar, East Chennai",Chennai,13.090409,80.359472,2025-12-07T13:02:18.093240
121,Senthil Iyer,senthil.iyer121@mail.com,9444518844,"192 Purasaiwakkam, West Chennai",Chennai,13.158739,80.203502,2025-12-07T13:02:18.093258
122,Ananya Natarajan,ananya.natarajan122@testmail.com,9842370589,"129 Greams Road, West Chennai",Chennai,13.12239,80.034486,2025-12-07T13:02:18.093272
123,Naveen Krishnan,naveen.krishnan123@testmail.com,9003866912,"174 T. Nagar, South Chennai",Chennai,13.093167,80.206944,2025-12-07T13:02:18.093285
124,Vikram Nair,vikram.nair124@mail.com,9842268018,"87 Adyar, West Chennai",Chennai,13.064532,80.283733,2025-12-07T13:02:18.093299
125,Mani Nair,mani.nair125@testmail.com,9844143842,"167 Greams Road, East Chennai",Chennai,13.100515,80.067454,2025-12-07T13:02:18.093314
126,Sruthi Sharma,sruthi.sharma126@example.com,9842995900,"21 Ambattur, North Chennai",Chennai,13.130226,80.306784,2025-12-07T13:02:18.093328
127,Vijay Das,vijay.das127@gmail.com,9840784473,"86 Thiruvanmiyur, East Chennai",Chennai,13.137723,80.063232,2025-12-07T13:02:18.093344
128,Vijay Reddy,vijay.reddy128@testmail.com,9003359255,"112 Adyar, North Chennai",Chennai,13.102996,80.042474,2025-12-07T13:02:18.093355
129,Ramesh Reddy,ramesh.reddy129@testmail.com,9841473210,"108 Nungambakkam, South Chennai",Chennai,13.049654,80.346123,2025-12-07T13:02:18.093367
130,Suresh Subramanian,suresh.subramanian130@testmail.com,9444327877,"137 Anna Salai, East Chennai",Chennai,13.189047,80.202178,2025-12-07T13:02:18.093383
131,Ramesh Natarajan,ramesh.natarajan131@testmail.com,9444004797,"147 Anna Salai, East Chennai",Chennai,13.086186,80.352982,2025-12-07T13:02:18.093398
132,Mani Krishnan,mani.krishnan132@testmail.com,9444060983,"151 Old Mahabalipuram Road, East Chennai",Chennai,13.07727,80.180142,2025-12-07T13:02:18.093412
133,Ajith Rao,ajith.rao133@testmail.com,9841216558,"203 Adyar, West Chennai",Chennai,13.120493,80.160555,2025-12-07T13:02:18.093426
134,Karthik Kumar,karthik.kumar134@mail.com,9840257872,"93 Nungambakkam, North Chennai",Chennai,13.0325,80.396246,2025-12-07T13:02:18.093439
135,Naveen Das,naveen.das135@gmail.com,9444888794,"218 Anna Salai, North Chennai",Chennai,13.066248,80.043842,2025-12-07T13:02:18.093452
136,Vijay Das,vijay.das136@mail.com,9844097499,"194 Anna Salai, South Chennai",Chennai,13.034102,80.25161,2025-12-07T13:02:18.093467
137,Bhavani Krishnan,bhavani.krishnan137@gmail.com,9842309130,"90 Mylapore, West Chennai",Chennai,13.082592,80.081557,2025-12-07T13:02:18.093479
138,Raja Das,raja.das138@gmail.com,9003028385,"144 Mylapore, North Chennai",Chennai,13.191337,80.183865,2025-12-07T13:02:18.093492
139,Ajith Subramanian,ajith.subramanian139@testmail.com,9444497334,"67 Old Mahabalipuram Road, North Chennai",Chennai,13.14098,80.276096,2025-12-07T13:02:18.093506
140,Meena Subramanian,meena.subramanian140@gmail.com,9003584419,"239 Mylapore, North Chennai",Chennai,13.190922,80.321846,2025-12-07T13:02:18.093522
141,Naveen Kumar,naveen.kumar141@mail.com,9844157473,"221 Greams Road, North Chennai",Chennai,13.186605,80.278469,2025-12-07T13:02:18.093537
142,Vikram Iyer,vikram.iyer142@example.com,9843308330,"115 Guindy, South Chennai",Chennai,13.020109,80.308306,2025-12-07T13:02:18.093550
143,Arjun Nair,arjun.nair143@testmail.com,9842677345,"175 Anna Salai, East Chennai",Chennai,13.13046,80.092888,2025-12-07T13:02:18.093564
144,Karthik Sharma,karthik.sharma144@example.com,9790206724,"12 Old Mahabalipuram Road, East Chennai",Chennai,13.185691,80.134017,2025-12-07T13:02:18.093580
145,Senthil Nair,senthil.nair145@testmail.com,9003287431,"51 Purasaiwakkam, South Chennai",Chennai,13.129657,80.287439,2025-12-07T13:02:18.093593
146,Arjun Subramanian,arjun.subramanian146@testmail.com,9844932966,"32 Mylapore, East Chennai",Chennai,13.036956,80.056245,2025-12-07T13:02:18.093607
147,Divya Natarajan,divya.natarajan147@testmail.com,9840463745,"159 Purasaiwakkam, East Chennai",Chennai,13.052311,80.143821,2025-12-07T13:02:18.093621
148,Ramesh Kumar,ramesh.kumar148@example.com,9841742684,"173 Old Mahabalipuram Road, North Chennai",Chennai,13.122925,80.087651,2025-12-07T13:02:18.093637
149,Vikram Reddy,vikram.reddy149@mail.com,9842795687,"205 Velachery, East Chennai",Chennai,13.105101,80.211269,2025-12-07T13:02:18.093650
150,Mani Iyer,mani.iyer150@mail.com,9841088398,"52 Guindy, South Chennai",Chennai,13.023248,80.082161,2025-12-07T13:02:18.093667
151,Sruthi Reddy,sruthi.reddy151@gmail.com,9841870728,"126 Nungambakkam, East Chennai",Chennai,13.111759,80.269107,2025-12-07T13:02:18.093681
152,Naveen Kumar,naveen.kumar152@gmail.com,9790403910,"98 Purasaiwakkam, East Chennai",Chennai,13.108233,80.024102,2025-12-07T13:02:18.093693
153,Priya Reddy,priya.reddy153@gmail.com,9840462265,"124 Mylapore, South Chennai",Chennai,13.01605,80.385658,2025-12-07T13:02:18.093707
154,Ajith Sharma,ajith.sharma154@mail.com,9444128682,"223 Anna Salai, East Chennai",Chennai,13.195698,80.185202,2025-12-07T13:02:18.093720
155,Ajith Krishnan,ajith.krishnan155@mail.com,9790337524,"249 Purasaiwakkam, East Chennai",Chennai,13.006443,80.264079,2025-12-07T13:02:18.093733
156,Bhavani Kumar,bhavani.kumar156@example.com,9843311907,"72 Purasaiwakkam, East Chennai",Chennai,13.080453,80.093736,2025-12-07T13:02:18.093745
157,Deepa Kumar,deepa.kumar157@testmail.com,9842843959,"70 Old Mahabalipuram Road, West Chennai",Chennai,13.197139,80.2085,2025-12-07T13:02:18.093758
158,Vijay Rao,vijay.rao158@gmail.com,9844089268,"22 Guindy, South Chennai",Chennai,13.157161,80.127494,2025-12-07T13:02:18.093773
159,Vijay Krishnan,vijay.krishnan159@mail.com,9842462873,"86 Purasaiwakkam, West Chennai",Chennai,13.161155,80.365896,2025-12-07T13:02:18.093788
160,Ajith Krishnan,ajith.krishnan160@mail.com,9790882634,"94 Ambattur, East Chennai",Chennai,13.184445,80.338853,2025-12-07T13:02:18.093803
161,Priya Nair,priya.nair161@example.com,9843046990,"58 Nungambakkam, West Chennai",Chennai,13.095879,80.34779,2025-12-07T13:02:18.093816
162,Divya Rao,divya.rao162@mail.com,9840331739,"111 Velachery, North Chennai",Chennai,13.155103,80.152265,2025-12-07T13:02:18.093829
163,Ajith Subramanian,ajith.subramanian163@gmail.com,9844458771,"204 Guindy, West Chennai",Chennai,13.074141,80.165572,2025-12-07T13:02:18.093842
164,Sruthi Natarajan,sruthi.natarajan164@testmail.com,9842048996,"49 Velachery, North Chennai",Chennai,13.046004,80.227916,2025-12-07T13:02:18.093854
165,Ramesh Reddy,ramesh.reddy165@mail.com,9444477725,"45 Purasaiwakkam, South Chennai",Chennai,13.03681,80.355746,2025-12-07T13:02:18.093870
166,Karthik Nair,karthik.nair166@example.com,9840100623,"191 Adyar, East Chennai",Chennai,13.043744,80.182404,2025-12-07T13:02:18.093884
167,Karthik Das,karthik.das167@example.com,9003700886,"14 Greams Road, North Chennai",Chennai,13.107148,80.114675,2025-12-07T13:02:18.093898
168,Raja Krishnan,raja.krishnan168@testmail.com,9842118233,"218 Guindy, North Chennai",Chennai,13.158987,80.031608,2025-12-07T13:02:18.093911
169,Kavya Reddy,kavya.reddy169@gmail.com,9843341016,"106 Greams Road, South Chennai",Chennai,13.011223,80.00378,2025-12-07T13:02:18.093923
170,Suresh Iyer,suresh.iyer170@mail.com,9003659180,"64 Purasaiwakkam, South Chennai",Chennai,13.054219,80.369664,2025-12-07T13:02:18.093935
171,Lakshmi Nair,lakshmi.nair171@gmail.com,9840250392,"247 T. Nagar, North Chennai",Chennai,13.03249,80.096189,2025-12-07T13:02:18.093947
172,Kavya Nair,kavya.nair172@example.com,9444621850,"121 Velachery, East Chennai",Chennai,13.068119,80.307602,2025-12-07T13:02:18.093964
173,Bhavani Krishnan,bhavani.krishnan173@gmail.com,9444047735,"120 Adyar, South Chennai",Chennai,13.017139,80.247446,2025-12-07T13:02:18.093979
174,Ramesh Iyer,ramesh.iyer174@testmail.com,9841426265,"37 T. Nagar, East Chennai",Chennai,13.188592,80.177894,2025-12-07T13:02:18.093995
175,Lakshmi Iyer,lakshmi.iyer175@gmail.com,9842126788,"36 Anna Salai, East Chennai",Chennai,13.070783,80.037226,2025-12-07T13:02:18.094009
176,Bhavani Subramanian,bhavani.subramanian176@mail.com,9790046618,"156 Greams Road, West Chennai",Chennai,13.137063,80.067801,2025-12-07T13:02:18.094024
177,Lakshmi Rao,lakshmi.rao177@gmail.com,9844721264,"86 Thiruvanmiyur, East Chennai",Chennai,13.072225,80.377689,2025-12-07T13:02:18.094040
178,Meena Das,meena.das178@testmail.com,9843712406,"225 Nungambakkam, South Chennai",Chennai,13.160815,80.131817,2025-12-07T13:02:18.094054
179,Divya Krishnan,divya.krishnan179@mail.com,9842459375,"111 Guindy, North Chennai",Chennai,13.146975,80.253161,2025-12-07T13:02:18.094071
180,Sruthi Natarajan,sruthi.natarajan180@mail.com,9444646519,"161 Greams Road, West Chennai",Chennai,13.136343,80.22004,2025-12-07T13:02:18.094088
181,Senthil Natarajan,senthil.natarajan181@mail.com,9003416724,"74 Ambattur, West Chennai",Chennai,13.143047,80.315631,2025-12-07T13:02:18.094105
182,Priya Reddy,priya.reddy182@example.com,9003968868,"212 Guindy, East Chennai",Chennai,13.021874,80.099292,2025-12-07T13:02:18.094121
183,Mani Sharma,mani.sharma183@example.com,9840965610,"76 Velachery, West Chennai",Chennai,13.089156,80.156454,2025-12-07T13:02:18.094139
184,Sruthi Nair,sruthi.nair184@example.com,9842507146,"39 Purasaiwakkam, West Chennai",Chennai,13.069666,80.137227,2025-12-07T13:02:18.094155
185,Deepa Nair,deepa.nair185@example.com,9003571775,"86 Anna Salai, East Chennai",Chennai,13.004517,80.137231,2025-12-07T13:02:18.094173
186,Ananya Sharma,ananya.sharma186@gmail.com,9843828258,"128 Velachery, South Chennai",Chennai,13.125952,80.074555,2025-12-07T13:02:18.095482
187,Vijay Krishnan,vijay.krishnan187@example.com,9840937966,"190 Velachery, West Chennai",Chennai,13.055669,80.281504,2025-12-07T13:02:18.095604
188,Priya Das,priya.das188@example.com,9841825537,"77 Ambattur, South Chennai",Chennai,13.105543,80.255643,2025-12-07T13:02:18.095648
189,Bhavani Krishnan,bhavani.krishnan189@mail.com,9790915579,"218 Ambattur, North Chennai",Chennai,13.183737,80.236067,2025-12-07T13:02:18.095663
190,Vikram Subramanian,vikram.subramanian190@gmail.com,9841341252,"117 Nungambakkam, West Chennai",Chennai,13.114961,80.169216,2025-12-07T13:02:18.095679
191,Meena Nair,meena.nair191@testmail.com,9842827422,"225 Thiruvanmiyur, East Chennai",Chennai,13.173104,80.380737,2025-12-07T13:02:18.095700
192,Meena Sharma,meena.sharma192@gmail.com,9843688767,"191 Thiruvanmiyur, South Chennai",Chennai,13.033451,80.226159,2025-12-07T13:02:18.095717
193,Ramesh Rao,ramesh.rao193@gmail.com,9840438427,"150 Greams Road, East Chennai",Chennai,13.114543,80.107156,2025-12-07T13:02:18.095735
194,Ajith Subramanian,ajith.subramanian194@testmail.com,9840783613,"233 Anna Salai, South Chennai",Chennai,13.052563,80.34488,2025-12-07T13:02:18.095777
195,Priya Reddy,priya.reddy195@mail.com,9841339596,"167 Adyar, West Chennai",Chennai,13.162706,80.322176,2025-12-07T13:02:18.095799
196,Sruthi Subramanian,sruthi.subramanian196@testmail.com,9844982544,"229 Greams Road, East Chennai",Chennai,13.027118,80.300038,2025-12-07T13:02:18.095815
197,Vijay Kumar,vijay.kumar197@gmail.com,9844223253,"135 Adyar, North Chennai",Chennai,13.125563,80.150069,2025-12-07T13:02:18.095832
198,Priya Iyer,priya.iyer198@example.com,9790845775,"232 Purasaiwakkam, East Chennai",Chennai,13.146186,80.18338,2025-12-07T13:02:18.095847
199,Mani Iyer,mani.iyer199@testmail.com,9790363745,"96 Greams Road, West Chennai",Chennai,13.113228,80.194135,2025-12-07T13:02:18.095864
200,Divya Kumar,divya.kumar200@gmail.com,9840170127,"10 Mylapore, West Chennai",Chennai,13.199139,80.363763,2025-12-07T13:02:18.095881
201,Naveen Sharma,naveen.sharma201@example.com,9844154152,"111 Ambattur, North Chennai",Chennai,13.145198,80.302093,2025-12-07T13:02:18.095897
202,Vijay Iyer,vijay.iyer202@mail.com,9841037129,"142 Ambattur, South Chennai",Chennai,13.001857,80.278239,2025-12-07T13:02:18.095914
203,Ananya Krishnan,ananya.krishnan203@example.com,9842713611,"90 Guindy, North Chennai",Chennai,13.027426,80.309384,2025-12-07T13:02:18.095929
204,Vikram Sharma,vikram.sharma204@testmail.com,9841890927,"194 Velachery, West Chennai",Chennai,13.183979,80.24643,2025-12-07T13:02:18.095944
205,Senthil Natarajan,senthil.natarajan205@gmail.com,9841121965,"90 Adyar, West Chennai",Chennai,13.055394,80.033699,2025-12-07T13:02:18.095961
206,Ajith Das,ajith.das206@mail.com,9844043898,"201 Mylapore, North Chennai",Chennai,13.129234,80.313521,2025-12-07T13:02:18.095981
207,Ramesh Reddy,ramesh.reddy207@example.com,9790137918,"102 Guindy, West Chennai",Chennai,13.077368,80.335589,2025-12-07T13:02:18.095999
208,Vijay Subramanian,vijay.subramanian208@testmail.com,9842710910,"65 Anna Salai, East Chennai",Chennai,13.189736,80.15919,2025-12-07T13:02:18.096010
209,Naveen Nair,naveen.nair209@mail.com,9790661889,"81 T. Nagar, North Chennai",Chennai,13.015804,80.36837,2025-12-07T13:02:18.096033
210,Vikram Nair,vikram.nair210@example.com,9444691463,"72 T. Nagar, South Chennai",Chennai,13.023197,80.244919,2025-12-07T13:02:18.096049
211,Karthik Rao,karthik.rao211@testmail.com,9842102027,"143 Greams Road, North Chennai",Chennai,13.033393,80.050772,2025-12-07T13:02:18.096063
212,Lakshmi Iyer,lakshmi.iyer212@example.com,9840564814,"137 Thiruvanmiyur, North Chennai",Chennai,13.011088,80.343744,2025-12-07T13:02:18.096076
213,Suresh Subramanian,suresh.subramanian213@example.com,9842419138,"21 Anna Salai, West Chennai",Chennai,13.009196,80.145591,2025-12-07T13:02:18.096089
214,Vikram Sharma,vikram.sharma214@testmail.com,9840863536,"79 T. Nagar, North Chennai",Chennai,13.02388,80.26933,2025-12-07T13:02:18.096108
215,Karthik Sharma,karthik.sharma215@testmail.com,9843806174,"93 T. Nagar, South Chennai",Chennai,13.001594,80.080268,2025-12-07T13:02:18.096121
216,Sruthi Rao,sruthi.rao216@mail.com,9843759738,"48 Anna Salai, South Chennai",Chennai,13.004782,80.216618,2025-12-07T13:02:18.096134
217,Arjun Subramanian,arjun.subramanian217@gmail.com,9840641383,"135 Anna Salai, West Chennai",Chennai,13.14233,80.037211,2025-12-07T13:02:18.096148
218,Ramesh Nair,ramesh.nair218@mail.com,9790571918,"173 Mylapore, East Chennai",Chennai,13.118379,80.024913,2025-12-07T13:02:18.096163
219,Vikram Natarajan,vikram.natarajan219@testmail.com,9844456557,"69 T. Nagar, West Chennai",Chennai,13.027222,80.308059,2025-12-07T13:02:18.096177
220,Ananya Sharma,ananya.sharma220@testmail.com,9841277561,"207 Velachery, South Chennai",Chennai,13.061662,80.106003,2025-12-07T13:02:18.096190
221,Ananya Iyer,ananya.iyer221@example.com,9842490352,"192 Velachery, North Chennai",Chennai,13.079249,80.01958,2025-12-07T13:02:18.096203
222,Naveen Rao,naveen.rao222@example.com,9842067883,"128 T. Nagar, West Chennai",Chennai,13.024291,80.024668,2025-12-07T13:02:18.096216
223,Ramesh Sharma,ramesh.sharma223@example.com,9843651994,"15 T. Nagar, West Chennai",Chennai,13.180499,80.177373,2025-12-07T13:02:18.096230
224,Vikram Iyer,vikram.iyer224@gmail.com,9444107029,"220 Purasaiwakkam, South Chennai",Chennai,13.099225,80.153092,2025-12-07T13:02:18.096242
225,Vijay Sharma,vijay.sharma225@example.com,9444324472,"167 Nungambakkam, West Chennai",Chennai,13.129456,80.199557,2025-12-07T13:02:18.096257
226,Ajith Reddy,ajith.reddy226@mail.com,9840146263,"171 Greams Road, East Chennai",Chennai,13.197881,80.312766,2025-12-07T13:02:18.096271
227,Mani Reddy,mani.reddy227@mail.com,9003598564,"16 Guindy, West Chennai",Chennai,13.005861,80.324276,2025-12-07T13:02:18.096284
228,Lakshmi Kumar,lakshmi.kumar228@mail.com,9003859321,"178 Velachery, North Chennai",Chennai,13.106738,80.316495,2025-12-07T13:02:18.096299
229,Karthik Natarajan,karthik.natarajan229@testmail.com,9790522395,"243 Nungambakkam, East Chennai",Chennai,13.140691,80.140673,2025-12-07T13:02:18.096314
230,Sruthi Das,sruthi.das230@gmail.com,9842937842,"19 T. Nagar, East Chennai",Chennai,13.046525,80.087524,2025-12-07T13:02:18.096328
231,Raja Reddy,raja.reddy231@testmail.com,9840593252,"25 Anna Salai, West Chennai",Chennai,13.117322,80.36689,2025-12-07T13:02:18.096342
232,Ananya Nair,ananya.nair232@testmail.com,9444156915,"92 Adyar, West Chennai",Chennai,13.14647,80.174747,2025-12-07T13:02:18.096357
233,Meena Subramanian,meena.subramanian233@gmail.com,9842895392,"88 Purasaiwakkam, North Chennai",Chennai,13.02547,80.291532,2025-12-07T13:02:18.096374
234,Sruthi Krishnan,sruthi.krishnan234@example.com,9840295939,"249 Thiruvanmiyur, West Chennai",Chennai,13.066234,80.031123,2025-12-07T13:02:18.096391
235,Mani Subramanian,mani.subramanian235@mail.com,9842157043,"187 T. Nagar, North Chennai",Chennai,13.051332,80.043214,2025-12-07T13:02:18.096406
236,Arjun Kumar,arjun.kumar236@testmail.com,9790762676,"149 Mylapore, East Chennai",Chennai,13.165761,80.315492,2025-12-07T13:02:18.096420
237,Sruthi Natarajan,sruthi.natarajan237@testmail.com,9842710405,"36 T. Nagar, North Chennai",Chennai,13.034021,80.150183,2025-12-07T13:02:18.096435
238,Priya Nair,priya.nair238@mail.com,9841599706,"165 Mylapore, West Chennai",Chennai,13.010711,80.132438,2025-12-07T13:02:18.096450
239,Deepa Krishnan,deepa.krishnan239@gmail.com,9844443106,"49 Anna Salai, North Chennai",Chennai,13.000763,80.035051,2025-12-07T13:02:18.096466
240,Bhavani Reddy,bhavani.reddy240@gmail.com,9843103241,"226 T. Nagar, North Chennai",Chennai,13.156975,80.188378,2025-12-07T13:02:18.096480
241,Lakshmi Iyer,lakshmi.iyer241@example.com,9790256527,"77 Thiruvanmiyur, South Chennai",Chennai,13.05268,80.334832,2025-12-07T13:02:18.096495
242,Sruthi Kumar,sruthi.kumar242@mail.com,9842115869,"151 Anna Salai, South Chennai",Chennai,13.163681,80.167453,2025-12-07T13:02:18.096509
243,Ajith Reddy,ajith.reddy243@mail.com,9843741608,"40 Thiruvanmiyur, West Chennai",Chennai,13.189812,80.066866,2025-12-07T13:02:18.096523
244,Deepa Natarajan,deepa.natarajan244@testmail.com,9842061632,"91 Purasaiwakkam, East Chennai",Chennai,13.017405,80.222546,2025-12-07T13:02:18.096538
245,Ajith Subramanian,ajith.subramanian245@gmail.com,9844870998,"38 Mylapore, West Chennai",Chennai,13.02964,80.235174,2025-12-07T13:02:18.096554
246,Ananya Iyer,ananya.iyer246@gmail.com,9841485646,"156 Nungambakkam, South Chennai",Chennai,13.007493,80.110166,2025-12-07T13:02:18.096572
247,Vikram Das,vikram.das247@testmail.com,9790065307,"239 Guindy, East Chennai",Chennai,13.067573,80.317461,2025-12-07T13:02:18.096587
248,Naveen Rao,naveen.rao248@testmail.com,9003132475,"196 Mylapore, East Chennai",Chennai,13.037587,80.084556,2025-12-07T13:02:18.096604
249,Vijay Reddy,vijay.reddy249@gmail.com,9444082148,"44 Greams Road, East Chennai",Chennai,13.034747,80.350072,2025-12-07T13:02:18.096621
250,Deepa Kumar,deepa.kumar250@testmail.com,9843070534,"220 Thiruvanmiyur, South Chennai",Chennai,13.127082,80.049549,2025-12-07T13:02:18.096637
251,Arjun Natarajan,arjun.natarajan251@testmail.com,9444797279,"98 Adyar, North Chennai",Chennai,13.149792,80.27554,2025-12-07T13:02:18.096653
252,Naveen Kumar,naveen.kumar252@mail.com,9790029333,"78 Ambattur, South Chennai",Chennai,13.102656,80.345852,2025-12-07T13:02:18.096668
253,Arjun Reddy,arjun.reddy253@testmail.com,9842290349,"192 Purasaiwakkam, North Chennai",Chennai,13.084761,80.15059,2025-12-07T13:02:18.096684
254,Mani Reddy,mani.reddy254@example.com,9844374896,"11 Greams Road, North Chennai",Chennai,13.112291,80.237509,2025-12-07T13:02:18.096699
255,Naveen Rao,naveen.rao255@testmail.com,9841715454,"177 Purasaiwakkam, North Chennai",Chennai,13.037672,80.206917,2025-12-07T13:02:18.096714
256,Ramesh Kumar,ramesh.kumar256@gmail.com,9790520744,"113 Mylapore, East Chennai",Chennai,13.116605,80.397901,2025-12-07T13:02:18.096731
257,Deepa Subramanian,deepa.subramanian257@mail.com,9843875842,"85 T. Nagar, South Chennai",Chennai,13.025589,80.103461,2025-12-07T13:02:18.096749
258,Ajith Sharma,ajith.sharma258@testmail.com,9444135346,"105 Old Mahabalipuram Road, North Chennai",Chennai,13.092752,80.047113,2025-12-07T13:02:18.096764
259,Karthik Das,karthik.das259@testmail.com,9841738168,"115 Anna Salai, West Chennai",Chennai,13.027473,80.080119,2025-12-07T13:02:18.096780
260,Vijay Das,vijay.das260@mail.com,9003252175,"90 Ambattur, East Chennai",Chennai,13.000943,80.109411,2025-12-07T13:02:18.096796
261,Suresh Das,suresh.das261@gmail.com,9842712966,"119 Thiruvanmiyur, South Chennai",Chennai,13.000934,80.213513,2025-12-07T13:02:18.096811
262,Mani Kumar,mani.kumar262@testmail.com,9444830033,"89 Adyar, East Chennai",Chennai,13.07671,80.235468,2025-12-07T13:02:18.096826
263,Suresh Iyer,suresh.iyer263@testmail.com,9840447898,"121 Ambattur, West Chennai",Chennai,13.068547,80.360554,2025-12-07T13:02:18.096843
264,Mani Natarajan,mani.natarajan264@example.com,9842603323,"160 Greams Road, West Chennai",Chennai,13.024632,80.284444,2025-12-07T13:02:18.096858
265,Karthik Krishnan,karthik.krishnan265@example.com,9844890901,"22 Purasaiwakkam, East Chennai",Chennai,13.083355,80.152102,2025-12-07T13:02:18.096873
266,Ajith Rao,ajith.rao266@testmail.com,9003230461,"169 Nungambakkam, West Chennai",Chennai,13.083765,80.359449,2025-12-07T13:02:18.096889
267,Raja Das,raja.das267@mail.com,9841411739,"209 Old Mahabalipuram Road, West Chennai",Chennai,13.071584,80.163902,2025-12-07T13:02:18.096903
268,Suresh Kumar,suresh.kumar268@example.com,9003375300,"242 T. Nagar, South Chennai",Chennai,13.029829,80.036033,2025-12-07T13:02:18.096919
269,Raja Iyer,raja.iyer269@example.com,9841437447,"35 Adyar, East Chennai",Chennai,13.17045,80.144086,2025-12-07T13:02:18.096935
270,Divya Krishnan,divya.krishnan270@testmail.com,9841100225,"238 Thiruvanmiyur, North Chennai",Chennai,13.175695,80.037181,2025-12-07T13:02:18.096955
271,Divya Sharma,divya.sharma271@gmail.com,9841667467,"176 Adyar, East Chennai",Chennai,13.026502,80.290564,2025-12-07T13:02:18.096969
272,Suresh Iyer,suresh.iyer272@gmail.com,9790979729,"209 Guindy, East Chennai",Chennai,13.172515,80.35198,2025-12-07T13:02:18.096985
273,Vikram Reddy,vikram.reddy273@testmail.com,9003167014,"13 Purasaiwakkam, West Chennai",Chennai,13.195579,80.267938,2025-12-07T13:02:18.097001
274,Divya Nair,divya.nair274@example.com,9841637562,"12 Ambattur, West Chennai",Chennai,13.101114,80.187716,2025-12-07T13:02:18.097017
275,Meena Sharma,meena.sharma275@mail.com,9841753540,"150 Ambattur, South Chennai",Chennai,13.080655,80.094,2025-12-07T13:02:18.097033
276,Senthil Reddy,senthil.reddy276@example.com,9003177517,"36 Mylapore, South Chennai",Chennai,13.007166,80.21964,2025-12-07T13:02:18.097048
277,Priya Das,priya.das277@example.com,9844883755,"219 Velachery, South Chennai",Chennai,13.066395,80.306967,2025-12-07T13:02:18.097066
278,Bhavani Reddy,bhavani.reddy278@testmail.com,9444711305,"222 Ambattur, North Chennai",Chennai,13.109538,80.149556,2025-12-07T13:02:18.097081
279,Ananya Kumar,ananya.kumar279@mail.com,9842726149,"58 T. Nagar, South Chennai",Chennai,13.043118,80.329822,2025-12-07T13:02:18.097096
280,Deepa Subramanian,deepa.subramanian280@mail.com,9841609177,"137 Anna Salai, East Chennai",Chennai,13.110645,80.173124,2025-12-07T13:02:18.097112
281,Sruthi Reddy,sruthi.reddy281@testmail.com,9842922169,"139 Mylapore, South Chennai",Chennai,13.1959,80.366364,2025-12-07T13:02:18.097128
282,Ramesh Rao,ramesh.rao282@testmail.com,9790547226,"225 Purasaiwakkam, North Chennai",Chennai,13.142375,80.374205,2025-12-07T13:02:18.097145
283,Deepa Natarajan,deepa.natarajan283@testmail.com,9843945228,"191 T. Nagar, North Chennai",Chennai,13.112456,80.233123,2025-12-07T13:02:18.097161
284,Vijay Nair,vijay.nair284@mail.com,9844608106,"23 Ambattur, East Chennai",Chennai,13.03998,80.300074,2025-12-07T13:02:18.097179
285,Suresh Rao,suresh.rao285@testmail.com,9844204380,"218 Thiruvanmiyur, East Chennai",Chennai,13.123222,80.27021,2025-12-07T13:02:18.097194
286,Ajith Natarajan,ajith.natarajan286@gmail.com,9790384066,"211 Ambattur, North Chennai",Chennai,13.193167,80.021521,2025-12-07T13:02:18.097210
287,Lakshmi Natarajan,lakshmi.natarajan287@mail.com,9003359893,"85 Thiruvanmiyur, West Chennai",Chennai,13.196691,80.029788,2025-12-07T13:02:18.097226
288,Suresh Nair,suresh.nair288@mail.com,9841606484,"51 Nungambakkam, North Chennai",Chennai,13.001129,80.186533,2025-12-07T13:02:18.097243
289,Vikram Kumar,vikram.kumar289@testmail.com,9842590947,"28 Purasaiwakkam, North Chennai",Chennai,13.105079,80.382795,2025-12-07T13:02:18.097259
290,Raja Iyer,raja.iyer290@mail.com,9842688615,"236 Velachery, North Chennai",Chennai,13.066213,80.11743,2025-12-07T13:02:18.097274
291,Bhavani Nair,bhavani.nair291@mail.com,9003801573,"20 Ambattur, North Chennai",Chennai,13.076275,80.318483,2025-12-07T13:02:18.097290
292,Ananya Krishnan,ananya.krishnan292@gmail.com,9844840858,"134 Anna Salai, North Chennai",Chennai,13.179656,80.077005,2025-12-07T13:02:18.097305
293,Raja Iyer,raja.iyer293@mail.com,9841288013,"231 Ambattur, South Chennai",Chennai,13.167133,80.082232,2025-12-07T13:02:18.097321
294,Vijay Iyer,vijay.iyer294@example.com,9842075011,"55 Old Mahabalipuram Road, East Chennai",Chennai,13.114992,80.091058,2025-12-07T13:02:18.097338
295,Lakshmi Krishnan,lakshmi.krishnan295@example.com,9790766506,"146 Anna Salai, East Chennai",Chennai,13.151192,80.234243,2025-12-07T13:02:18.097352
296,Priya Subramanian,priya.subramanian296@gmail.com,9841449147,"111 Ambattur, East Chennai",Chennai,13.094798,80.213387,2025-12-07T13:02:18.097369
297,Vikram Krishnan,vikram.krishnan297@mail.com,9844245088,"41 Anna Salai, East Chennai",Chennai,13.114544,80.157633,2025-12-07T13:02:18.097386
298,Ajith Iyer,ajith.iyer298@mail.com,9844353682,"57 Velachery, North Chennai",Chennai,13.038865,80.072543,2025-12-07T13:02:18.097402
299,Sruthi Kumar,sruthi.kumar299@mail.com,9003814141,"195 Nungambakkam, South Chennai",Chennai,13.190308,80.142855,2025-12-07T13:02:18.097417
300,Ramesh Iyer,ramesh.iyer300@testmail.com,9844913577,"167 Ambattur, North Chennai",Chennai,13.138692,80.060958,2025-12-07T13:02:18.097432
301,Sruthi Subramanian,sruthi.subramanian301@gmail.com,9444620533,"80 Guindy, West Chennai",Chennai,13.135916,80.132625,2025-12-07T13:02:18.097447
302,Meena Reddy,meena.reddy302@example.com,9003547812,"225 Old Mahabalipuram Road, West Chennai",Chennai,13.178259,80.078573,2025-12-07T13:02:18.097461
303,Priya Iyer,priya.iyer303@mail.com,9840809969,"242 Anna Salai, North Chennai",Chennai,13.108694,80.399491,2025-12-07T13:02:18.097479
304,Meena Sharma,meena.sharma304@example.com,9444639427,"111 Guindy, East Chennai",Chennai,13.132536,80.339193,2025-12-07T13:02:18.097496
305,Bhavani Sharma,bhavani.sharma305@gmail.com,9842722992,"250 Guindy, East Chennai",Chennai,13.043764,80.195057,2025-12-07T13:02:18.097512
306,Priya Rao,priya.rao306@gmail.com,9444303856,"244 Thiruvanmiyur, East Chennai",Chennai,13.007981,80.25941,2025-12-07T13:02:18.097527
307,Ananya Nair,ananya.nair307@gmail.com,9844498926,"103 Nungambakkam, East Chennai",Chennai,13.103333,80.150532,2025-12-07T13:02:18.097544
308,Ramesh Nair,ramesh.nair308@mail.com,9790557790,"122 Adyar, West Chennai",Chennai,13.015418,80.257391,2025-12-07T13:02:18.097561
309,Deepa Sharma,deepa.sharma309@testmail.com,9842259136,"194 T. Nagar, South Chennai",Chennai,13.135046,80.191608,2025-12-07T13:02:18.097576
310,Sruthi Sharma,sruthi.sharma310@mail.com,9790030299,"44 Ambattur, East Chennai",Chennai,13.17816,80.058746,2025-12-07T13:02:18.097593
311,Suresh Rao,suresh.rao311@example.com,9842869904,"65 Thiruvanmiyur, South Chennai",Chennai,13.17346,80.068227,2025-12-07T13:02:18.097610
312,Vijay Das,vijay.das312@testmail.com,9842929842,"246 Thiruvanmiyur, East Chennai",Chennai,13.045963,80.154185,2025-12-07T13:02:18.097626
313,Ananya Kumar,ananya.kumar313@mail.com,9843886291,"131 Nungambakkam, East Chennai",Chennai,13.175551,80.212572,2025-12-07T13:02:18.097641
314,Ananya Iyer,ananya.iyer314@gmail.com,9003298068,"104 Anna Salai, South Chennai",Chennai,13.045897,80.32092,2025-12-07T13:02:18.097658
315,Kavya Subramanian,kavya.subramanian315@testmail.com,9841624731,"163 Greams Road, South Chennai",Chennai,13.051561,80.002188,2025-12-07T13:02:18.097674
316,Arjun Das,arjun.das316@testmail.com,9841806356,"37 Adyar, South Chennai",Chennai,13.130315,80.101453,2025-12-07T13:02:18.097700
317,Ajith Krishnan,ajith.krishnan317@gmail.com,9444946368,"55 Guindy, South Chennai",Chennai,13.050756,80.122661,2025-12-07T13:02:18.097715
318,Mani Krishnan,mani.krishnan318@gmail.com,9842137213,"211 Guindy, East Chennai",Chennai,13.032148,80.385828,2025-12-07T13:02:18.097733
319,Arjun Iyer,arjun.iyer319@mail.com,9842796114,"104 T. Nagar, East Chennai",Chennai,13.144899,80.372274,2025-12-07T13:02:18.097748
320,Kavya Das,kavya.das320@mail.com,9844902770,"227 Ambattur, North Chennai",Chennai,13.038949,80.313584,2025-12-07T13:02:18.097763
321,Raja Nair,raja.nair321@mail.com,9843920530,"32 Old Mahabalipuram Road, South Chennai",Chennai,13.070626,80.158057,2025-12-07T13:02:18.097778
322,Sruthi Natarajan,sruthi.natarajan322@testmail.com,9840118489,"98 Old Mahabalipuram Road, West Chennai",Chennai,13.121273,80.07781,2025-12-07T13:02:18.097797
323,Kavya Das,kavya.das323@example.com,9840426818,"138 Old Mahabalipuram Road, North Chennai",Chennai,13.189403,80.321177,2025-12-07T13:02:18.097812
324,Lakshmi Nair,lakshmi.nair324@gmail.com,9844769735,"184 Thiruvanmiyur, East Chennai",Chennai,13.096394,80.103128,2025-12-07T13:02:18.097828
325,Kavya Natarajan,kavya.natarajan325@testmail.com,9843565880,"73 Old Mahabalipuram Road, East Chennai",Chennai,13.079786,80.299515,2025-12-07T13:02:18.097844
326,Divya Iyer,divya.iyer326@mail.com,9842755394,"201 Ambattur, West Chennai",Chennai,13.0998,80.079867,2025-12-07T13:02:18.097859
327,Ramesh Rao,ramesh.rao327@example.com,9843333952,"40 T. Nagar, South Chennai",Chennai,13.122765,80.305698,2025-12-07T13:02:18.097876
328,Ajith Kumar,ajith.kumar328@gmail.com,9003595794,"56 Greams Road, North Chennai",Chennai,13.079576,80.300068,2025-12-07T13:02:18.097892
329,Vikram Kumar,vikram.kumar329@mail.com,9790780856,"127 T. Nagar, South Chennai",Chennai,13.06313,80.003367,2025-12-07T13:02:18.097907
330,Deepa Krishnan,deepa.krishnan330@testmail.com,9841559428,"70 Old Mahabalipuram Road, South Chennai",Chennai,13.191705,80.137239,2025-12-07T13:02:18.097922
331,Suresh Reddy,suresh.reddy331@gmail.com,9790365564,"56 Nungambakkam, West Chennai",Chennai,13.195854,80.274405,2025-12-07T13:02:18.097936
332,Ananya Rao,ananya.rao332@gmail.com,9843866322,"216 Anna Salai, West Chennai",Chennai,13.084304,80.053789,2025-12-07T13:02:18.097951
333,Raja Nair,raja.nair333@gmail.com,9444744890,"35 Purasaiwakkam, West Chennai",Chennai,13.012007,80.325527,2025-12-07T13:02:18.097967
334,Meena Iyer,meena.iyer334@testmail.com,9003545588,"98 Anna Salai, South Chennai",Chennai,13.024247,80.346947,2025-12-07T13:02:18.097982
335,Bhavani Natarajan,bhavani.natarajan335@example.com,9842455877,"107 Nungambakkam, North Chennai",Chennai,13.09275,80.382638,2025-12-07T13:02:18.098007
336,Suresh Subramanian,suresh.subramanian336@testmail.com,9790996112,"68 Guindy, North Chennai",Chennai,13.130603,80.284173,2025-12-07T13:02:18.098024
337,Bhavani Krishnan,bhavani.krishnan337@mail.com,9844759876,"57 Anna Salai, West Chennai",Chennai,13.145554,80.264809,2025-12-07T13:02:18.098040
338,Priya Natarajan,priya.natarajan338@example.com,9842611178,"16 Mylapore, East Chennai",Chennai,13.020786,80.247241,2025-12-07T13:02:18.098055
339,Priya Krishnan,priya.krishnan339@mail.com,9844334722,"17 Anna Salai, North Chennai",Chennai,13.172074,80.130081,2025-12-07T13:02:18.098070
340,Meena Reddy,meena.reddy340@gmail.com,9844872829,"171 Purasaiwakkam, South Chennai",Chennai,13.104692,80.255811,2025-12-07T13:02:18.098086
341,Naveen Subramanian,naveen.subramanian341@gmail.com,9003831745,"76 Adyar, North Chennai",Chennai,13.002111,80.209326,2025-12-07T13:02:18.098101
342,Vikram Subramanian,vikram.subramanian342@example.com,9844780774,"206 Mylapore, North Chennai",Chennai,13.119401,80.318707,2025-12-07T13:02:18.098119
343,Ajith Subramanian,ajith.subramanian343@gmail.com,9843686632,"222 Mylapore, West Chennai",Chennai,13.052596,80.168896,2025-12-07T13:02:18.098135
344,Ramesh Nair,ramesh.nair344@mail.com,9844484631,"44 Old Mahabalipuram Road, East Chennai",Chennai,13.127379,80.247092,2025-12-07T13:02:18.098150
345,Lakshmi Das,lakshmi.das345@example.com,9003350208,"57 T. Nagar, North Chennai",Chennai,13.053839,80.286078,2025-12-07T13:02:18.098165
346,Arjun Natarajan,arjun.natarajan346@testmail.com,9841207356,"211 Thiruvanmiyur, North Chennai",Chennai,13.092737,80.31657,2025-12-07T13:02:18.098182
347,Divya Iyer,divya.iyer347@mail.com,9842046187,"59 Old Mahabalipuram Road, South Chennai",Chennai,13.16565,80.048785,2025-12-07T13:02:18.098197
348,Ramesh Krishnan,ramesh.krishnan348@mail.com,9003303718,"131 Mylapore, North Chennai",Chennai,13.187243,80.063445,2025-12-07T13:02:18.098212
349,Karthik Nair,karthik.nair349@mail.com,9841474350,"38 Velachery, South Chennai",Chennai,13.064903,80.066944,2025-12-07T13:02:18.098227
350,Lakshmi Das,lakshmi.das350@mail.com,9841630097,"105 T. Nagar, West Chennai",Chennai,13.03154,80.036561,2025-12-07T13:02:18.098243
351,Bhavani Subramanian,bhavani.subramanian351@gmail.com,9840052812,"69 Guindy, North Chennai",Chennai,13.161105,80.175488,2025-12-07T13:02:18.098259
352,Deepa Kumar,deepa.kumar352@testmail.com,9790524077,"148 Purasaiwakkam, South Chennai",Chennai,13.037955,80.074651,2025-12-07T13:02:18.098274
353,Mani Subramanian,mani.subramanian353@mail.com,9003498218,"125 Old Mahabalipuram Road, North Chennai",Chennai,13.108321,80.181632,2025-12-07T13:02:18.098289
354,Raja Krishnan,raja.krishnan354@example.com,9842095935,"178 Greams Road, South Chennai",Chennai,13.037974,80.27329,2025-12-07T13:02:18.098306
355,Ajith Sharma,ajith.sharma355@example.com,9844565118,"21 Adyar, West Chennai",Chennai,13.174699,80.080832,2025-12-07T13:02:18.098323
356,Meena Natarajan,meena.natarajan356@testmail.com,9841096789,"22 Guindy, West Chennai",Chennai,13.121191,80.02835,2025-12-07T13:02:18.098337
357,Deepa Reddy,deepa.reddy357@example.com,9841705865,"220 Nungambakkam, North Chennai",Chennai,13.105804,80.29372,2025-12-07T13:02:18.098354
358,Naveen Iyer,naveen.iyer358@mail.com,9843811386,"59 Greams Road, West Chennai",Chennai,13.114006,80.379001,2025-12-07T13:02:18.098369
359,Ajith Nair,ajith.nair359@mail.com,9790195761,"212 Adyar, South Chennai",Chennai,13.100939,80.263013,2025-12-07T13:02:18.098384
360,Ajith Das,ajith.das360@gmail.com,9003558556,"221 Purasaiwakkam, North Chennai",Chennai,13.121683,80.225258,2025-12-07T13:02:18.098402
361,Deepa Krishnan,deepa.krishnan361@testmail.com,9844577600,"162 Anna Salai, West Chennai",Chennai,13.198682,80.120737,2025-12-07T13:02:18.098417
362,Naveen Natarajan,naveen.natarajan362@mail.com,9843504888,"34 Anna Salai, South Chennai",Chennai,13.071131,80.055363,2025-12-07T13:02:18.098433
363,Mani Das,mani.das363@mail.com,9843344196,"197 T. Nagar, North Chennai",Chennai,13.158581,80.069161,2025-12-07T13:02:18.098448
364,Sruthi Iyer,sruthi.iyer364@testmail.com,9844096105,"235 Mylapore, South Chennai",Chennai,13.186049,80.048216,2025-12-07T13:02:18.098463
365,Ramesh Das,ramesh.das365@mail.com,9840604805,"93 Greams Road, West Chennai",Chennai,13.030639,80.269454,2025-12-07T13:02:18.098481
366,Kavya Reddy,kavya.reddy366@testmail.com,9841364622,"31 Thiruvanmiyur, East Chennai",Chennai,13.10963,80.105023,2025-12-07T13:02:18.098496
367,Kavya Nair,kavya.nair367@gmail.com,9790227837,"176 Nungambakkam, West Chennai",Chennai,13.112234,80.398832,2025-12-07T13:02:18.098512
368,Raja Natarajan,raja.natarajan368@example.com,9843146591,"181 Mylapore, South Chennai",Chennai,13.073054,80.076196,2025-12-07T13:02:18.098528
369,Mani Das,mani.das369@mail.com,9840425979,"122 Anna Salai, West Chennai",Chennai,13.039937,80.149528,2025-12-07T13:02:18.098544
370,Priya Iyer,priya.iyer370@example.com,9840392405,"88 Thiruvanmiyur, South Chennai",Chennai,13.00455,80.083604,2025-12-07T13:02:18.098559
371,Ajith Natarajan,ajith.natarajan371@mail.com,9843884879,"187 Purasaiwakkam, East Chennai",Chennai,13.075321,80.362416,2025-12-07T13:02:18.098574
372,Raja Kumar,raja.kumar372@example.com,9844204394,"129 Ambattur, East Chennai",Chennai,13.01332,80.264149,2025-12-07T13:02:18.098589
373,Mani Iyer,mani.iyer373@testmail.com,9840463681,"134 Nungambakkam, East Chennai",Chennai,13.037283,80.20026,2025-12-07T13:02:18.098605
374,Senthil Nair,senthil.nair374@gmail.com,9840038457,"200 Adyar, East Chennai",Chennai,13.069356,80.140765,2025-12-07T13:02:18.098621
375,Naveen Natarajan,naveen.natarajan375@mail.com,9844046084,"48 Guindy, South Chennai",Chennai,13.131386,80.035118,2025-12-07T13:02:18.098636
376,Kavya Nair,kavya.nair376@testmail.com,9843639264,"124 Greams Road, West Chennai",Chennai,13.041351,80.055431,2025-12-07T13:02:18.098651
377,Ajith Natarajan,ajith.natarajan377@mail.com,9842482629,"91 T. Nagar, East Chennai",Chennai,13.036827,80.335809,2025-12-07T13:02:18.098666
378,Vikram Kumar,vikram.kumar378@mail.com,9444664742,"37 Adyar, West Chennai",Chennai,13.00524,80.394382,2025-12-07T13:02:18.098681
379,Bhavani Rao,bhavani.rao379@gmail.com,9843933051,"44 Greams Road, South Chennai",Chennai,13.142404,80.149584,2025-12-07T13:02:18.098698
380,Kavya Reddy,kavya.reddy380@example.com,9003223306,"246 Old Mahabalipuram Road, South Chennai",Chennai,13.044511,80.268536,2025-12-07T13:02:18.098713
381,Deepa Natarajan,deepa.natarajan381@mail.com,9841279757,"119 Mylapore, East Chennai",Chennai,13.121586,80.329731,2025-12-07T13:02:18.098729
382,Divya Krishnan,divya.krishnan382@gmail.com,9840817703,"198 Anna Salai, South Chennai",Chennai,13.103225,80.252259,2025-12-07T13:02:18.098745
383,Karthik Natarajan,karthik.natarajan383@gmail.com,9844764472,"85 Nungambakkam, East Chennai",Chennai,13.137991,80.36147,2025-12-07T13:02:18.098760
384,Senthil Reddy,senthil.reddy384@gmail.com,9841812982,"115 Guindy, South Chennai",Chennai,13.004982,80.181472,2025-12-07T13:02:18.098776
385,Deepa Reddy,deepa.reddy385@gmail.com,9841452111,"172 Guindy, East Chennai",Chennai,13.104763,80.153635,2025-12-07T13:02:18.098793
386,Raja Das,raja.das386@mail.com,9842686025,"51 Adyar, West Chennai",Chennai,13.153831,80.020524,2025-12-07T13:02:18.098809
387,Naveen Rao,naveen.rao387@testmail.com,9003421230,"13 Thiruvanmiyur, South Chennai",Chennai,13.171082,80.2174,2025-12-07T13:02:18.098824
388,Arjun Das,arjun.das388@gmail.com,9003339776,"30 Nungambakkam, East Chennai",Chennai,13.048943,80.218937,2025-12-07T13:02:18.098839
389,Bhavani Nair,bhavani.nair389@mail.com,9843022050,"228 Anna Salai, North Chennai",Chennai,13.066222,80.035081,2025-12-07T13:02:18.098853
390,Ananya Krishnan,ananya.krishnan390@mail.com,9842249998,"126 Purasaiwakkam, North Chennai",Chennai,13.186296,80.037251,2025-12-07T13:02:18.098869
391,Naveen Subramanian,naveen.subramanian391@gmail.com,9444616814,"44 T. Nagar, North Chennai",Chennai,13.065842,80.165503,2025-12-07T13:02:18.098884
392,Deepa Natarajan,deepa.natarajan392@testmail.com,9840198179,"119 Nungambakkam, North Chennai",Chennai,13.051932,80.230057,2025-12-07T13:02:18.098901
393,Bhavani Subramanian,bhavani.subramanian393@mail.com,9842997877,"236 Nungambakkam, West Chennai",Chennai,13.141717,80.391703,2025-12-07T13:02:18.098916
394,Arjun Iyer,arjun.iyer394@example.com,9840713966,"95 Guindy, West Chennai",Chennai,13.002259,80.080475,2025-12-07T13:02:18.098932
395,Naveen Rao,naveen.rao395@example.com,9841448850,"185 Guindy, North Chennai",Chennai,13.07921,80.227569,2025-12-07T13:02:18.098947
396,Arjun Sharma,arjun.sharma396@gmail.com,9843557702,"49 Ambattur, South Chennai",Chennai,13.178412,80.214787,2025-12-07T13:02:18.098963
397,Divya Reddy,divya.reddy397@example.com,9790084958,"63 Nungambakkam, North Chennai",Chennai,13.159907,80.355212,2025-12-07T13:02:18.098978
398,Mani Iyer,mani.iyer398@gmail.com,9842405682,"57 Nungambakkam, East Chennai",Chennai,13.172919,80.300616,2025-12-07T13:02:18.098992
399,Divya Kumar,divya.kumar399@testmail.com,9844617357,"65 Greams Road, North Chennai",Chennai,13.035003,80.149686,2025-12-07T13:02:18.099010
400,Karthik Natarajan,karthik.natarajan400@mail.com,9841780782,"97 Thiruvanmiyur, North Chennai",Chennai,13.155107,80.057318,2025-12-07T13:02:18.099024
401,Ananya Nair,ananya.nair401@example.com,9842307681,"89 Anna Salai, East Chennai",Chennai,13.066658,80.355674,2025-12-07T13:02:18.099037
402,Ananya Nair,ananya.nair402@mail.com,9844094353,"83 Old Mahabalipuram Road, North Chennai",Chennai,13.154557,80.26845,2025-12-07T13:02:18.099053
403,Lakshmi Sharma,lakshmi.sharma403@example.com,9842410988,"62 Greams Road, North Chennai",Chennai,13.109873,80.108421,2025-12-07T13:02:18.099065
404,Naveen Das,naveen.das404@gmail.com,9843214958,"22 Adyar, East Chennai",Chennai,13.094147,80.270198,2025-12-07T13:02:18.099078
405,Ananya Krishnan,ananya.krishnan405@gmail.com,9840166299,"167 Guindy, North Chennai",Chennai,13.066466,80.079259,2025-12-07T13:02:18.099094
406,Ajith Iyer,ajith.iyer406@testmail.com,9003921717,"185 Ambattur, South Chennai",Chennai,13.094109,80.378979,2025-12-07T13:02:18.099108
407,Vikram Das,vikram.das407@gmail.com,9844562557,"17 T. Nagar, South Chennai",Chennai,13.022577,80.191461,2025-12-07T13:02:18.099121
408,Suresh Rao,suresh.rao408@example.com,9444992816,"93 Greams Road, East Chennai",Chennai,13.158486,80.213098,2025-12-07T13:02:18.099136
409,Kavya Das,kavya.das409@gmail.com,9790393827,"26 Guindy, West Chennai",Chennai,13.162783,80.236388,2025-12-07T13:02:18.099148
410,Vijay Das,vijay.das410@example.com,9444832197,"161 Nungambakkam, South Chennai",Chennai,13.065076,80.039062,2025-12-07T13:02:18.099162
411,Senthil Sharma,senthil.sharma411@testmail.com,9844619196,"136 Ambattur, East Chennai",Chennai,13.018107,80.326813,2025-12-07T13:02:18.099176
412,Sruthi Kumar,sruthi.kumar412@gmail.com,9842278469,"60 Velachery, North Chennai",Chennai,13.059947,80.317739,2025-12-07T13:02:18.099189
413,Naveen Krishnan,naveen.krishnan413@mail.com,9444190986,"228 Old Mahabalipuram Road, East Chennai",Chennai,13.073845,80.219554,2025-12-07T13:02:18.099204
414,Karthik Kumar,karthik.kumar414@gmail.com,9444140369,"170 Guindy, South Chennai",Chennai,13.081207,80.174076,2025-12-07T13:02:18.099217
415,Deepa Sharma,deepa.sharma415@mail.com,9003238656,"83 Ambattur, West Chennai",Chennai,13.026855,80.028698,2025-12-07T13:02:18.099231
416,Arjun Sharma,arjun.sharma416@gmail.com,9003621267,"169 Adyar, South Chennai",Chennai,13.101883,80.22082,2025-12-07T13:02:18.099244
417,Senthil Krishnan,senthil.krishnan417@gmail.com,9444326909,"226 Purasaiwakkam, West Chennai",Chennai,13.142426,80.1077,2025-12-07T13:02:18.099256
418,Ajith Das,ajith.das418@gmail.com,9444009751,"186 T. Nagar, West Chennai",Chennai,13.146037,80.210563,2025-12-07T13:02:18.099271
419,Lakshmi Reddy,lakshmi.reddy419@testmail.com,9841891371,"166 Anna Salai, North Chennai",Chennai,13.107007,80.004313,2025-12-07T13:02:18.099285
420,Senthil Nair,senthil.nair420@mail.com,9003956544,"19 Purasaiwakkam, North Chennai",Chennai,13.145394,80.225483,2025-12-07T13:02:18.099298
421,Karthik Reddy,karthik.reddy421@gmail.com,9842904904,"31 Adyar, East Chennai",Chennai,13.170289,80.11114,2025-12-07T13:02:18.099311
422,Vikram Das,vikram.das422@mail.com,9844440192,"178 Thiruvanmiyur, North Chennai",Chennai,13.161568,80.104501,2025-12-07T13:02:18.099323
423,Ramesh Reddy,ramesh.reddy423@mail.com,9842805129,"224 Thiruvanmiyur, South Chennai",Chennai,13.154074,80.095179,2025-12-07T13:02:18.099336
424,Senthil Sharma,senthil.sharma424@mail.com,9843950410,"128 Mylapore, South Chennai",Chennai,13.060273,80.29846,2025-12-07T13:02:18.099349
425,Ajith Natarajan,ajith.natarajan425@example.com,9790674286,"83 Thiruvanmiyur, South Chennai",Chennai,13.135699,80.384705,2025-12-07T13:02:18.099365
426,Karthik Iyer,karthik.iyer426@example.com,9444694544,"75 Ambattur, South Chennai",Chennai,13.092222,80.270116,2025-12-07T13:02:18.099381
427,Ramesh Das,ramesh.das427@example.com,9843852580,"222 T. Nagar, East Chennai",Chennai,13.08225,80.210106,2025-12-07T13:02:18.099396
428,Senthil Subramanian,senthil.subramanian428@example.com,9843443009,"24 Nungambakkam, West Chennai",Chennai,13.190098,80.255233,2025-12-07T13:02:18.099409
429,Ananya Iyer,ananya.iyer429@testmail.com,9842692124,"129 Ambattur, East Chennai",Chennai,13.127756,80.369078,2025-12-07T13:02:18.099424
430,Lakshmi Krishnan,lakshmi.krishnan430@gmail.com,9444421406,"95 Anna Salai, North Chennai",Chennai,13.191121,80.105866,2025-12-07T13:02:18.099439
431,Senthil Iyer,senthil.iyer431@mail.com,9003396271,"148 Mylapore, West Chennai",Chennai,13.122793,80.0425,2025-12-07T13:02:18.099454
432,Senthil Rao,senthil.rao432@example.com,9841011947,"239 Thiruvanmiyur, West Chennai",Chennai,13.130573,80.000347,2025-12-07T13:02:18.099468
433,Karthik Krishnan,karthik.krishnan433@gmail.com,9844256908,"132 Mylapore, South Chennai",Chennai,13.16881,80.312375,2025-12-07T13:02:18.099486
434,Priya Nair,priya.nair434@testmail.com,9843067198,"95 Ambattur, North Chennai",Chennai,13.080123,80.252909,2025-12-07T13:02:18.099501
435,Priya Subramanian,priya.subramanian435@example.com,9444174328,"108 Ambattur, West Chennai",Chennai,13.059774,80.156042,2025-12-07T13:02:18.099516
436,Ananya Subramanian,ananya.subramanian436@example.com,9003173203,"194 Nungambakkam, West Chennai",Chennai,13.097847,80.025197,2025-12-07T13:02:18.099531
437,Ajith Rao,ajith.rao437@testmail.com,9003870050,"211 Purasaiwakkam, East Chennai",Chennai,13.081102,80.084671,2025-12-07T13:02:18.099546
438,Raja Reddy,raja.reddy438@example.com,9842931027,"130 Nungambakkam, East Chennai",Chennai,13.048537,80.259515,2025-12-07T13:02:18.099564
439,Arjun Sharma,arjun.sharma439@example.com,9840417929,"219 T. Nagar, East Chennai",Chennai,13.099429,80.31967,2025-12-07T13:02:18.099578
440,Ramesh Iyer,ramesh.iyer440@mail.com,9843656519,"92 Velachery, East Chennai",Chennai,13.118617,80.134201,2025-12-07T13:02:18.099594
441,Ananya Rao,ananya.rao441@mail.com,9842625827,"246 Nungambakkam, East Chennai",Chennai,13.026674,80.316421,2025-12-07T13:02:18.099608
442,Bhavani Krishnan,bhavani.krishnan442@example.com,9842071002,"190 Ambattur, North Chennai",Chennai,13.083244,80.322965,2025-12-07T13:02:18.099623
443,Meena Sharma,meena.sharma443@mail.com,9843248763,"166 Purasaiwakkam, East Chennai",Chennai,13.119254,80.28688,2025-12-07T13:02:18.099639
444,Bhavani Iyer,bhavani.iyer444@example.com,9844560833,"145 T. Nagar, North Chennai",Chennai,13.172546,80.394713,2025-12-07T13:02:18.099654
445,Raja Natarajan,raja.natarajan445@gmail.com,9003340312,"137 Adyar, West Chennai",Chennai,13.134029,80.017246,2025-12-07T13:02:18.099669
446,Mani Rao,mani.rao446@example.com,9843645970,"199 Anna Salai, West Chennai",Chennai,13.031609,80.011626,2025-12-07T13:02:18.099684
447,Raja Iyer,raja.iyer447@mail.com,9841379956,"201 Ambattur, North Chennai",Chennai,13.046013,80.044053,2025-12-07T13:02:18.099697
448,Ramesh Iyer,ramesh.iyer448@gmail.com,9843636317,"23 Mylapore, West Chennai",Chennai,13.043233,80.243773,2025-12-07T13:02:18.099711
449,Suresh Krishnan,suresh.krishnan449@testmail.com,9444273543,"42 Anna Salai, East Chennai",Chennai,13.056121,80.044444,2025-12-07T13:02:18.099726
450,Senthil Reddy,senthil.reddy450@mail.com,9790253492,"157 Greams Road, West Chennai",Chennai,13.017295,80.34279,2025-12-07T13:02:18.099743
451,Meena Natarajan,meena.natarajan451@testmail.com,9003740633,"121 Nungambakkam, West Chennai",Chennai,13.178365,80.236709,2025-12-07T13:02:18.099758
452,Vikram Das,vikram.das452@gmail.com,9840600780,"145 Mylapore, South Chennai",Chennai,13.161943,80.278661,2025-12-07T13:02:18.099774
453,Ananya Reddy,ananya.reddy453@mail.com,9003318063,"101 Old Mahabalipuram Road, West Chennai",Chennai,13.129528,80.036292,2025-12-07T13:02:18.099789
454,Meena Rao,meena.rao454@mail.com,9842799077,"233 Purasaiwakkam, South Chennai",Chennai,13.036989,80.348621,2025-12-07T13:02:18.099803
455,Senthil Kumar,senthil.kumar455@testmail.com,9841658046,"188 Nungambakkam, West Chennai",Chennai,13.157538,80.032384,2025-12-07T13:02:18.099819
456,Divya Kumar,divya.kumar456@example.com,9444016579,"103 Guindy, West Chennai",Chennai,13.129635,80.281949,2025-12-07T13:02:18.099834
457,Ajith Natarajan,ajith.natarajan457@mail.com,9842538179,"202 Purasaiwakkam, West Chennai",Chennai,13.064093,80.359173,2025-12-07T13:02:18.099851
458,Raja Krishnan,raja.krishnan458@example.com,9844015577,"130 Purasaiwakkam, North Chennai",Chennai,13.090396,80.147258,2025-12-07T13:02:18.099869
459,Priya Natarajan,priya.natarajan459@example.com,9003116241,"52 Old Mahabalipuram Road, East Chennai",Chennai,13.139416,80.198531,2025-12-07T13:02:18.099885
460,Deepa Nair,deepa.nair460@gmail.com,9840468275,"123 Purasaiwakkam, East Chennai",Chennai,13.058303,80.02518,2025-12-07T13:02:18.099900
461,Ramesh Nair,ramesh.nair461@gmail.com,9444695579,"127 Old Mahabalipuram Road, West Chennai",Chennai,13.179656,80.122598,2025-12-07T13:02:18.099916
462,Lakshmi Natarajan,lakshmi.natarajan462@gmail.com,9003540254,"52 Nungambakkam, West Chennai",Chennai,13.142362,80.114099,2025-12-07T13:02:18.099932
463,Suresh Sharma,suresh.sharma463@gmail.com,9842310592,"76 Guindy, West Chennai",Chennai,13.041031,80.282854,2025-12-07T13:02:18.099947
464,Divya Subramanian,divya.subramanian464@example.com,9842578284,"245 Anna Salai, South Chennai",Chennai,13.186214,80.307407,2025-12-07T13:02:18.099962
465,Senthil Subramanian,senthil.subramanian465@testmail.com,9842088547,"203 Nungambakkam, West Chennai",Chennai,13.159915,80.291418,2025-12-07T13:02:18.099977
466,Senthil Subramanian,senthil.subramanian466@example.com,9841702814,"112 Nungambakkam, West Chennai",Chennai,13.089195,80.036992,2025-12-07T13:02:18.099992
467,Karthik Das,karthik.das467@example.com,9843983430,"147 Thiruvanmiyur, East Chennai",Chennai,13.195168,80.157769,2025-12-07T13:02:18.100014
468,Meena Subramanian,meena.subramanian468@testmail.com,9840562656,"13 Old Mahabalipuram Road, North Chennai",Chennai,13.070271,80.391009,2025-12-07T13:02:18.100029
469,Ajith Iyer,ajith.iyer469@gmail.com,9843767426,"45 Nungambakkam, East Chennai",Chennai,13.028728,80.121292,2025-12-07T13:02:18.100046
470,Raja Subramanian,raja.subramanian470@gmail.com,9841961064,"54 Greams Road, South Chennai",Chennai,13.142049,80.302097,2025-12-07T13:02:18.100061
471,Vikram Natarajan,vikram.natarajan471@testmail.com,9842648704,"136 Greams Road, South Chennai",Chennai,13.044904,80.316488,2025-12-07T13:02:18.100076
472,Vikram Rao,vikram.rao472@mail.com,9844714627,"17 T. Nagar, North Chennai",Chennai,13.09861,80.38825,2025-12-07T13:02:18.100092
473,Bhavani Subramanian,bhavani.subramanian473@example.com,9003964715,"226 Old Mahabalipuram Road, West Chennai",Chennai,13.116331,80.058455,2025-12-07T13:02:18.100107
474,Senthil Sharma,senthil.sharma474@example.com,9444204565,"84 Old Mahabalipuram Road, East Chennai",Chennai,13.102773,80.306577,2025-12-07T13:02:18.100123
475,Suresh Iyer,suresh.iyer475@example.com,9842855445,"146 Nungambakkam, North Chennai",Chennai,13.164663,80.005159,2025-12-07T13:02:18.100138
476,Raja Rao,raja.rao476@mail.com,9444765213,"138 Velachery, West Chennai",Chennai,13.159021,80.223462,2025-12-07T13:02:18.100153
477,Raja Nair,raja.nair477@gmail.com,9841671120,"99 Old Mahabalipuram Road, North Chennai",Chennai,13.027803,80.176775,2025-12-07T13:02:18.100171
478,Bhavani Nair,bhavani.nair478@mail.com,9444240132,"186 Velachery, North Chennai",Chennai,13.025069,80.052087,2025-12-07T13:02:18.100186
479,Priya Krishnan,priya.krishnan479@example.com,9841107603,"18 Ambattur, East Chennai",Chennai,13.093816,80.363412,2025-12-07T13:02:18.100200
480,Karthik Iyer,karthik.iyer480@mail.com,9844011939,"57 Ambattur, North Chennai",Chennai,13.005852,80.058223,2025-12-07T13:02:18.100215
481,Lakshmi Das,lakshmi.das481@example.com,9444528938,"35 Nungambakkam, East Chennai",Chennai,13.105768,80.286325,2025-12-07T13:02:18.100230
482,Naveen Sharma,naveen.sharma482@mail.com,9840138759,"122 Ambattur, East Chennai",Chennai,13.03617,80.141929,2025-12-07T13:02:18.100247
483,Kavya Krishnan,kavya.krishnan483@gmail.com,9843836151,"38 Greams Road, West Chennai",Chennai,13.099163,80.1445,2025-12-07T13:02:18.100262
484,Naveen Nair,naveen.nair484@gmail.com,9840157164,"163 Purasaiwakkam, North Chennai",Chennai,13.137409,80.336436,2025-12-07T13:02:18.100276
485,Ramesh Nair,ramesh.nair485@mail.com,9790463175,"13 Ambattur, South Chennai",Chennai,13.134419,80.158548,2025-12-07T13:02:18.100292
486,Raja Iyer,raja.iyer486@example.com,9841266912,"103 Velachery, North Chennai",Chennai,13.040053,80.337612,2025-12-07T13:02:18.100307
487,Kavya Iyer,kavya.iyer487@gmail.com,9843674994,"101 Thiruvanmiyur, South Chennai",Chennai,13.197505,80.204566,2025-12-07T13:02:18.100323
488,Vikram Reddy,vikram.reddy488@example.com,9841147732,"35 Purasaiwakkam, East Chennai",Chennai,13.166062,80.199254,2025-12-07T13:02:18.100338
489,Arjun Sharma,arjun.sharma489@example.com,9790952499,"204 T. Nagar, South Chennai",Chennai,13.158546,80.080773,2025-12-07T13:02:18.100352
490,Meena Reddy,meena.reddy490@gmail.com,9844858800,"235 T. Nagar, South Chennai",Chennai,13.090023,80.34115,2025-12-07T13:02:18.100367
491,Senthil Reddy,senthil.reddy491@gmail.com,9840028427,"44 Old Mahabalipuram Road, South Chennai",Chennai,13.097491,80.043753,2025-12-07T13:02:18.100384
492,Meena Nair,meena.nair492@testmail.com,9003782806,"136 Nungambakkam, South Chennai",Chennai,13.123388,80.141106,2025-12-07T13:02:18.100401
493,Naveen Subramanian,naveen.subramanian493@example.com,9840090255,"205 Ambattur, North Chennai",Chennai,13.076115,80.171259,2025-12-07T13:02:18.100416
494,Mani Krishnan,mani.krishnan494@example.com,9444033349,"243 Purasaiwakkam, East Chennai",Chennai,13.173788,80.045789,2025-12-07T13:02:18.100431
495,Suresh Kumar,suresh.kumar495@testmail.com,9444076986,"15 Purasaiwakkam, South Chennai",Chennai,13.117598,80.394306,2025-12-07T13:02:18.100446
496,Kavya Das,kavya.das496@testmail.com,9790591713,"137 Greams Road, North Chennai",Chennai,13.033325,80.119808,2025-12-07T13:02:18.100460
497,Vijay Natarajan,vijay.natarajan497@testmail.com,9003183440,"156 Mylapore, West Chennai",Chennai,13.124914,80.383176,2025-12-07T13:02:18.100478
498,Sruthi Iyer,sruthi.iyer498@mail.com,9444419876,"98 T. Nagar, North Chennai",Chennai,13.100928,80.119964,2025-12-07T13:02:18.100493
499,Ajith Subramanian,ajith.subramanian499@mail.com,9843664987,"235 Anna Salai, West Chennai",Chennai,13.115369,80.085181,2025-12-07T13:02:18.100508
500,Senthil Rao,senthil.rao500@mail.com,9790908357,"71 Adyar, North Chennai",Chennai,13.168824,80.164104,2025-12-07T13:02:18.100524
